{"placements":[{"x":1734.7166692286555,"y":1172.1971419131505},{"x":1745.8599989464628,"y":1173.3033847588745}],"volumes":[10.0,10.0]}