{"placements":[{"x":1743.9244245858704,"y":1172.3429027527632},{"x":1733.0968036827342,"y":1172.1641181459543}],"volumes":[10.0,10.0]}