{"placements":[{"x":1741.5699388567718,"y":1172.0667652628451},{"x":1894.557581461333,"y":1265.3868851430107}]}