{"placements":[{"x":1739.0033285723928,"y":1172.1626926404779},{"x":1930.8478452770496,"y":1173.8380000793957}]}