{"placements":[{"x":1739.0030294294786,"y":1172.1616544726362},{"x":1930.9905313206762,"y":1172.5036884199885}]}