{"placements":[{"x":1744.8397478890986,"y":1172.9871960825521},{"x":1733.6678060010636,"y":1173.0438205219173}],"volumes":[10.0,10.0]}