{"placements":[{"x":1263.7141597777859,"y":3247.552013797404},{"x":1263.41820048745,"y":2486.27691566991},{"x":1263.0276004169207,"y":3229.741977333114}],"volumes":[10.0,10.0,10.0]}