{"placements":[{"x":1263.5902768091369,"y":3228.593329994365},{"x":1263.7101793220547,"y":2485.4291387443154},{"x":1263.8132440483544,"y":3242.7343699262647}],"volumes":[10.0,10.0,10.0]}