{"placements":[{"x":1261.7710651925763,"y":3232.534808769886},{"x":1259.2818078409455,"y":2482.846110389898},{"x":1263.5753984748067,"y":2584.0037257374966}]}