{"placements":[{"x":1263.7585225429773,"y":3230.0351041988743},{"x":1263.5475031969156,"y":2486.20223159693},{"x":1263.086862339403,"y":3249.1870965952166}],"volumes":[10.0,10.0,10.0]}