{"placements":[{"x":1263.75981026313,"y":3234.161590159207},{"x":1263.253708883912,"y":2485.280669071777},{"x":1263.6569200736428,"y":2724.932760599962}]}