{"placements":[{"x":1263.75981026313,"y":3234.161590159207},{"x":1263.2529963789846,"y":2485.251165874996},{"x":1262.6382039242696,"y":2725.550920259624}]}